anatomy,ankle
anatomy,arm
anatomy,armpit
anatomy,back
anatomy,beard
anatomy,blood
anatomy,body
anatomy,bone
anatomy,brain
anatomy,buttock
anatomy,cheek
anatomy,chest
anatomy,chin
anatomy,crotch
anatomy,dimples
anatomy,ear
anatomy,elbow
anatomy,eye
anatomy,eyebrow
anatomy,feet
anatomy,finger
anatomy,flesh
anatomy,foot
anatomy,forehead
anatomy,hair
anatomy,hand
anatomy,head
anatomy,heart
anatomy,hip
anatomy,kidney
anatomy,knee
anatomy,knuckle
anatomy,leg
anatomy,lip
anatomy,moustache
anatomy,mouth
anatomy,muscle
anatomy,mustache
anatomy,nail
anatomy,neck
anatomy,nipple
anatomy,nose
anatomy,nostril
anatomy,shoulder
anatomy,shoulder
anatomy,sideburn
anatomy,skeleton
anatomy,skin
anatomy,spine
anatomy,stomach
anatomy,teeth
anatomy,thigh
anatomy,throat
anatomy,thumb
anatomy,toe
anatomy,toenail
anatomy,tongue
anatomy,tooth
anatomy,waist
anatomy,wrist
animal,aardvark
animal,ant
animal,anteater
animal,armadillo
animal,baboon
animal,badger
animal,bear
animal,beaver
animal,bee
animal,bird
animal,bull
animal,calf
animal,camel
animal,cat
animal,cheetah
animal,chicken
animal,chimpanzee
animal,cow
animal,crocodile
animal,deer
animal,dinosaur
animal,dog
animal,dolphin
animal,donkey
animal,duck
animal,eagle
animal,elephant
animal,fish
animal,flamingo
animal,fly
animal,fox
animal,frog
animal,gecko
animal,giraffe
animal,goat
animal,goldfish
animal,gorilla
animal,hamster
animal,hippopotamus
animal,horse
animal,hyena
animal,komodo dragon
animal,kangaroo
animal,kitten
animal,ladybug
animal,leopard
animal,lion
animal,lizard
animal,llama
animal,lobster
animal,mammoth
animal,monkey
animal,mosquito
animal,orangutan
animal,octopus
animal,ostrich
animal,otter
animal,owl
animal,oyster
animal,panda
animal,panther
animal,parrot
animal,peacock
animal,pelican
animal,penguin
animal,pig
animal,pigeon
animal,pitbull
animal,porcupine
animal,puppy
animal,rabbit
animal,raccoon
animal,rat
animal,reindeer
animal,rhinoceros
animal,rooster
animal,scorpion
animal,seagull
animal,seahorse
animal,seal
animal,shark
animal,sheep
animal,shrimp
animal,snail
animal,snake
animal,spider
animal,squid
animal,squirrel
animal,starfish
animal,swan
animal,tadpole
animal,tiger
animal,toad
animal,tropical fish
animal,turkey
animal,turtle
animal,vulture
animal,walrus
animal,whale
animal,wolf
animal,zebra
building,airport
building,apartment building
building,bank
building,barber shop
building,book store
building,bowling alley
building,bus stop
building,casino
building,castle
building,church
building,church
building,circus
building,convenience store
building,department store
building,fire department
building,gas station
building,hospital
building,house
building,library
building,library
building,mall
building,mansion
building,movie theater
building,museum
building,office building
building,petshop
building,post office
building,restaurant
building,school
building,supermarket
building,theater
building,train station
clothing,bandana
clothing,belt
clothing,bikini
clothing,boots
clothing,bowtie
clothing,cap
clothing,coat
clothing,dress
clothing,earmuffs
clothing,eyepatch
clothing,glasses
clothing,gloves
clothing,hairtie
clothing,hat
clothing,headband
clothing,jacket
clothing,jeans
clothing,kneepads
clothing,mittens
clothing,necklace
clothing,overalls
clothing,pajamas
clothing,partyhat
clothing,raincoat
clothing,sandals
clothing,scarf
clothing,shirt
clothing,shoes
clothing,skirt
clothing,slippers
clothing,sneakers
clothing,socks
clothing,sombrero
clothing,stockings
clothing,suit
clothing,sweater
clothing,sweatshirt
clothing,swimsuit
clothing,t-shirt
clothing,tie
clothing,sarong
clothing,trousers
clothing,underpants
places,South Africa
places,USA
places,Australia
places,Bali
places,Brazil
places,Canada
places,Canggu
places,China
places,Egypt
places,England
places,Finland
places,France
places,Germany
places,Greece
places,Hawaii
places,Holland
places,Indonesia
places,India
places,Iran
places,Iraq
places,Ireland
places,Italy
places,Jakarta
places,Jamaica
places,Japan
places,Komodo Islands
places,Mexico
places,Morocco
places,Mt. Batur
places,North Korea
places,Pakistan
places,Russia
places,Saudi Arabia
places,Scotland
places,South Korea
places,Spain
places,Syria
places,Taiwan
places,Thailand
places,Turkey
places,Ubud
places,Uluwatu
places,Vietnam
family,aunt
family,brother
family,children
family,cousin
family,daughter
family,father
family,granddaughter
family,grandma
family,grandmother
family,grandpa
family,grandson
family,husband
family,mother
family,nephew
family,niece
family,parents
family,sister
family,son
family,stepdaughter
family,stepmother
family,stepson
family,uncle
food,apple
food,asparagus
food,avocado
food,baguette
food,banana
food,barbeque
food,beans
food,broccoli
food,brownie
food,burger
food,burrito
food,cabbage
food,carrot
food,celery
food,cereal
food,cheese
food,cherry
food,coconut
food,coffee
food,cookie
food,corn
food,cucumber
food,cupcake
food,dinner
food,doritos
food,eggplant
food,espresso
food,fastfood
food,frosting
food,grapefruit
food,grapes
food,hotdog
food,hotsauce
food,icepop
food,ketchup
food,lemon
food,lettuce
food,lollipop
food,macaroni
food,meatball
food,melon
food,muffin
food,mushroom
food,mustard
food,nasi goreng
food,noodles
food,omelet
food,onion
food,orange
food,pancakes
food,peach
food,peanut
food,pear
food,peas
food,pepper
food,pickle
food,pineapple
food,plum
food,popcorn
food,popsicle
food,potato
food,pretzel
food,pumpkin
food,radish
food,sate ayam
food,sausage
food,seafood
food,skittles
food,snowcone
food,soysauce
food,spinach
food,strawberry
food,tomato
food,turnip
food,watermelon
instrument,accordion
instrument,bagpipes
instrument,banjo
instrument,bass drum
instrument,bongos
instrument,cello
instrument,chimes
instrument,clarinet
instrument,cowbell
instrument,cymbal
instrument,drum
instrument,drum set
instrument,electric guitar
instrument,flute
instrument,French horn
instrument,gong
instrument,guitar
instrument,harmonica
instrument,harp
instrument,piano
instrument,saxophone
instrument,triangle
instrument,trombone
instrument,trumpet
instrument,tuba
instrument,ukulele
instrument,violin
instrument,xylophone
mythology,atlantis
mythology,bigfoot
mythology,centaur
mythology,cyclops
mythology,dragon
mythology,goddess
mythology,hercules
mythology,jupiter
mythology,mermaid
mythology,minotaur
mythology,monster
mythology,neptune
mythology,pegasus
mythology,phoenix
mythology,poseidon
mythology,unicorn
mythology,vampire
mythology ,werewolf
pop culture,aladdin
pop culture,aquaman
pop culture,autobots
pop culture,avatar
pop culture,avengers
pop culture,barbie
pop culture,batman
pop culture,bowser
pop culture,catwoman
pop culture,garfield
pop culture,ironman
pop culture,katniss
pop culture,lionking
pop culture,madonna
pop culture,pikachu
pop culture,startrek
pop culture,starwars
pop culture,twilight
pop culture,twoface
profession,accountant
profession,actor
profession,artist
profession,athlete
profession,author
profession,baker
profession,banker
profession,barber
profession,beautician
profession,butcher
profession,captain
profession,carpenter
profession,cashier
profession,chauffeur
profession,chef
profession,coach
profession,cowboy
profession,criminal
profession,dentist
profession,director
profession,doctor
profession,drummer
profession,engineer
profession,farmer
profession,fire fighter
profession,fisherman
profession,gangster
profession,Influencer
profession,gymnast
profession,judge
profession,lawyer
profession,magician
profession,mailman
profession,mechanic
profession,milkman
profession,musician
profession,nurse
profession,painter
profession,pilot
profession,plumber
profession,poet
profession,policeman
profession,politician
profession,priest
profession,princess
profession,OnlyFans
profession,professor
profession,rockstar
profession,sailor
profession,salesman
profession,sheriff
profession,shoemaker
profession,soldier
profession,surgeon
profession,tailor
profession,teacher
profession,veterinarian
profession,waiter
profession,warrior
profession,watchmaker
profession,wrestler
sports,archery
sports,athletics
sports,badminton
sports,baseball
sports,basketball
sports,bowling
sports,boxing
sports,canoeing
sports,car racing
sports,cycling
sports,fencing
sports,fishing
sports,football
sports,frisbee
sports,golf
sports,gymnastics
sports,hang gliding
sports,hockey
sports,horse racing
sports,javelin
sports,jogging
sports,judo
sports,jumprope
sports,karate
sports,longjump
sports,minigolf
sports,motorcycle racing
sports,polo
sports,rowing
sports,rugby
sports,sailing
sports,scuba diving
sports,shooting
sports,skiing
sports,sledding
sports,snow-boarding
sports,squash
sports,swimming
sports,table tennis
sports,tennis
sports,triathlon
sports,volleyball
sports,weightlifting
vehicle,airplane
vehicle,bicycle
vehicle,boat
vehicle,bus
vehicle,car
vehicle,dogsled
vehicle,forklift
vehicle,golfcart
vehicle,helicopter
vehicle,horse
vehicle,jet
vehicle,minivan
vehicle,motorcycle
vehicle,porsche
vehicle,racecar
vehicle,rowboat
vehicle,sailboat
vehicle,scooter
vehicle,ship
vehicle,shuttle
vehicle,subway
vehicle,taxi
vehicle,towtruck
vehicle,tractor
vehicle,train
vehicle,tricycle
vehicle,truck
vehicle,tugboat
vehicle,unicycle
vehicle,Scoopy
weapon,atomic bomb
weapon,barbwire
weapon,bayonet
weapon,bazooka
weapon,blowgun
weapon,bomb
weapon,bow and arrow
weapon,cannon
weapon,catapult
weapon,chainsaw
weapon,club
weapon,crossbow
weapon,crowbar
weapon,drill
weapon,dynamite
weapon,grenade
weapon,gun
weapon,hammer
weapon,hand grenade
weapon,handgun
weapon,knife
weapon,land mine
weapon,missile
weapon,revolver
weapon,rifle
weapon,saw
weapon,scissors
weapon,screwdriver
weapon,shotgun
weapon,spear
weapon,sword
weapon,tank
weapon,torpedo
